0;6;Control;next
1;7;Association;start
2;10;Association;start
2;11;Association;0
3;15;Association;start
3;16;Association;0
3;17;Association;1
4;24;Association;start
7;9;Control;next
9;8;Data;value
10;13;Control;next
13;14;Control;next
13;11;Data;object
13;12;Data;property
14;13;Data;value
15;20;Control;next
20;22;Control;next
20;18;Data;object
20;19;Data;property
22;23;Control;next
22;20;Data;callee
22;21;Data;0
22;16;Data;1
22;17;Data;2
24;25;Control;next
25;27;Control;next
27;28;Control;next
27;1;Data;callee
28;31;Control;next
28;25;Data;object
28;26;Data;property
28;27;Data;value
31;33;Control;next
31;25;Data;object
31;30;Data;property
33;34;Control;next
33;29;Data;callee
33;31;Data;0
33;32;Data;1
34;36;Control;next
34;2;Data;callee
34;33;Data;0
36;37;Control;next
36;25;Data;object
36;35;Data;property
37;38;Control;next
37;3;Data;callee
37;34;Data;0
37;36;Data;1
