0;8;Control;next
1;9;Association;start
2;12;Association;start
2;13;Association;0
2;14;Association;1
2;15;Association;2
3;22;Association;start
3;23;Association;0
4;28;Association;start
4;29;Association;0
5;33;Association;start
5;34;Association;0
6;49;Association;start
9;11;Control;next
11;10;Data;value
12;18;Control;next
18;20;Control;next
18;16;Data;object
18;17;Data;property
20;21;Control;next
20;18;Data;callee
20;19;Data;0
20;13;Data;1
20;14;Data;2
20;15;Data;3
22;24;Control;next
24;26;Control;next
26;27;Control;next
26;24;Data;object
26;25;Data;property
26;23;Data;value
27;24;Data;value
28;31;Control;next
31;32;Control;next
31;29;Data;object
31;30;Data;property
32;31;Data;value
33;36;Control;next
36;38;Control;next
36;34;Data;object
36;35;Data;property
38;39;Control;next
38;36;Data;callee
38;37;Data;0
39;38;Data;condition
39;42;Control;true
39;44;Control;false
41;40;Data;left
41;34;Data;right
42;43;Control;next
43;46;Control;next
44;45;Control;next
45;46;Control;next
46;48;Control;next
46;39;Association;branch
47;41;Data;43
47;34;Data;45
47;46;Association;merge
48;47;Data;value
49;50;Control;next
50;51;Control;next
50;1;Data;callee
51;54;Control;next
51;3;Data;callee
51;50;Data;0
54;57;Control;next
54;51;Data;object
54;53;Data;property
55;54;Data;left
55;52;Data;right
57;60;Control;next
57;51;Data;object
57;56;Data;property
57;55;Data;value
60;62;Control;next
60;51;Data;object
60;59;Data;property
62;63;Control;next
62;58;Data;callee
62;60;Data;0
62;61;Data;1
63;65;Control;next
63;4;Data;callee
63;62;Data;0
65;67;Control;next
65;58;Data;callee
65;64;Data;0
67;68;Control;next
67;65;Data;object
67;66;Data;property
68;69;Control;next
68;1;Data;callee
69;70;Control;next
69;67;Data;callee
69;68;Data;0
70;71;Control;next
70;1;Data;callee
71;75;Control;next
71;5;Data;callee
71;70;Data;0
73;71;Data;left
73;72;Data;right
75;77;Control;next
75;65;Data;object
75;74;Data;property
76;84;Association;start
77;79;Control;next
77;75;Data;callee
77;76;Data;0
79;81;Control;next
79;77;Data;object
79;78;Data;property
81;82;Control;next
81;65;Data;object
81;80;Data;property
82;83;Control;next
82;2;Data;callee
82;79;Data;0
82;81;Data;1
82;70;Data;2
84;88;Control;next
87;85;Data;left
87;86;Data;right
